id,date,platform,text
1,2023-10-01,iOS,"Slack huddles keep dropping audio during calls. It is very frustrating."
2,2023-10-01,Desktop,"Love the new interface! Very clean and fast."
3,2023-10-02,Android,"Notifications are delayed on my phone by at least 10 minutes."
4,2023-10-02,Web,"Search function is okay, but it could definitely be faster when looking up old files."
5,2023-10-03,Desktop,"Integrations with Jira and GitHub are seamless. Great job to the team."
6,2023-10-03,iOS,"The app crashes every time I try to upload a large video file."
7,2023-10-04,Desktop,"Can we get more custom emoji slots? We are running out of space for our team."
8,2023-10-04,Web,"Honestly the best team communication tool out there. Never goes down."
9,2023-10-05,Android,"Dark mode is too hard to read in daylight. Needs better contrast."
10,2023-10-05,Desktop,"Screen sharing on huddles is incredibly laggy today."
11,2023-10-06,iOS,"I just use it for basic chatting and it works fine. Nothing special."
12,2023-10-06,Web,"The threads feature is brilliant for keeping conversations organized."
13,2023-10-07,Desktop,"CPU usage spikes to 100% when I have multiple workspaces open. Please fix."
14,2023-10-07,Android,"Why did you change the navigation bar? It takes more clicks to find my DMs now."
15,2023-10-08,iOS,"Voice notes are a lifesaver when I am walking. Excellent audio quality."
16,2023-10-08,Web,"Standard messaging app. Does what it needs to do."
17,2023-10-09,Desktop,"The new canvas feature is amazing for collaborative meeting notes!"
18,2023-10-09,Android,"Missing notifications randomly. I missed an important meeting because of this."
19,2023-10-10,iOS,"iPad version feels like a stretched phone app. Needs better tablet optimization."
20,2023-10-10,Desktop,"Search filters are incredibly powerful. Found a message from 3 years ago instantly."
21,2023-10-11,Web,"It disconnected me three times today while I was typing a long message."
22,2023-10-11,Android,"File downloading gets stuck at 99% constantly."
23,2023-10-12,iOS,"The UI update grew on me. I actually prefer the new sidebar now."
24,2023-10-12,Desktop,"It works okay but uses way too much RAM for a chat application."
25,2023-10-13,Web,"Love the custom status automation through the API."